Complexity,Loss,Equation
1,149.34879,"x0"
3,38.35743,"(4.648402 * x0)"
5,37.455544,"((4.636834 * x0) + -0.9500361)"
7,3.64455,"(((x0 * 0.30941337) * x0) * x0)"
9,1.472524,"(((x0 * 0.3057221) * (x0 + -0.43361843)) * x0)"
11,1.0039744,"((((x0 * 0.30495244) * (x0 + -0.6602107)) * x0) + 1.0275459)"
13,0.98849726,"((((x0 * ((0.2989052 * x0) + -0.20262145)) + 0.10777717) * x0) + 1.0339973)"
15,0.9884971,"((((((x0 * 0.29890424) * x0) + (x0 * -0.20262149)) + 0.10779337) * x0) + 1.0339946)"
