Complexity,Loss,Equation
1,149.34879,"x0"
3,38.357426,"(x0 * 4.647848)"
5,37.455544,"(4.6366878 * (x0 + -0.20502044))"
7,3.64455,"(((x0 * 0.30941337) * x0) * x0)"
9,1.472524,"(((x0 * 0.3057221) * x0) * (x0 + -0.43361986))"
11,1.0039744,"((((x0 * 0.30495304) * x0) * (x0 + -0.66017926)) + 1.0274913)"
13,0.9884971,"((((((x0 * 0.29890466) + -0.2026193) * x0) + 0.1077866) * x0) + 1.033963)"
